,question,label
0,살인죄의 형벌은 무엇입니까?,살인죄
1,절도죄가 성립하기 위한 요건은 무엇입니까?,절도죄
2,상해죄란 무엇입니까?,상해죄
3,업무상 과실치사죄가 성립하려면 어떤 요건이 필요합니까?,과실치사죄
4,폭행죄와 상해죄의 차이는 무엇입니까?,상해죄
5,횡령죄의 주요 요건은 무엇입니까?,횡령죄
6,강도죄는 어떤 요건을 만족해야 성립합니까?,강도죄
7,특수절도죄란 무엇입니까?,절도죄
8,자수한 경우 형이 감경될 수 있습니까?,자수
9,공범은 어떤 경우에 성립합니까?,공범
10,살인미수죄의 처벌은 어떻게 됩니까?,살인죄
11,협박죄는 어떤 경우에 성립합니까?,협박죄
12,손괴죄란 무엇입니까?,손괴죄
13,강간죄는 어떤 경우에 성립합니까?,강간죄
14,사기죄의 요건은 무엇입니까?,사기죄
15,배임죄란 무엇입니까?,배임죄
16,공문서위조죄가 성립하기 위한 요건은 무엇입니까?,공문서위조죄
17,위증죄란 무엇입니까?,위증죄
18,도주죄는 어떤 경우에 성립합니까?,도주죄
19,유기죄란 무엇입니까?,유기죄
20,절도죄는 피해자의 허락이 있으면 처벌됩니다.,절도죄
21,살인죄는 피해자의 용서가 있으면 처벌되지 않습니다.,살인죄
22,상해죄는 폭행이 없으면 성립하지 않습니다.,상해죄
23,강간죄는 상대방 동의가 있어도 성립합니다.,강간죄
24,사기죄는 고의가 없어도 성립합니다.,사기죄
25,특수절도는 흉기 없이 혼자서 해야 성립합니다.,절도죄
26,공범은 형사처벌 대상이 아닙니다.,공범
27,횡령죄는 개인 소유 재산에서는 성립하지 않습니다.,횡령죄
28,모욕죄는 명예훼손이 없으면 성립하지 않습니다.,모욕죄
29,방화죄는 어떤 경우에 성립합니까?,방화죄
30,미수범은 원칙적으로 처벌되지 않는다.,미수범
31,사자의 명예를 훼손하면 명예훼손죄가 성립합니까?,명예훼손죄
32,협박죄는 반드시 재산적 손해를 끼쳐야 성립합니까?,협박죄
33,형법상 주거침입죄는 어떤 경우에 성립합니까?,주거침입죄
34,약취유인죄는 미성년자에게만 적용됩니까?,약취유인죄
35,직무유기죄란 무엇입니까?,유기죄
36,친족상도례가 적용되면 처벌을 면제할 수 있습니까?,친족상도례
37,절도범이 체포를 면하기 위해 폭행하면 강도죄가 성립합니까?,절도죄
38,기수범이 성립하려면 결과가 발생해야 합니까?,기수범
39,미필적 고의란 무엇입니까?,미필적 고의
40,강요죄는 폭행이나 협박이 수단입니까?,폭행죄
41,범죄의 성립과 처벌가 적용되는 조건은 무엇인가요?,범죄의 성립과 처벌
42,범죄의 성립과 처벌는 어떤 행위를 하면 성립하나요?,범죄의 성립과 처벌
43,범죄의 성립과 처벌가 성립하지 않는 경우도 있나요?,범죄의 성립과 처벌
44,국내범에 대한 처벌 수위는 어떻게 되나요?,국내범
45,피해자가 원하지 않아도 국내범로 처벌되나요?,국내범
46,국내범는 실수로 해도 처벌되나요?,국내범
47,내국인의 국외범에 해당하는 구체적인 예시가 있을까요?,내국인의 국외범
48,내국인의 국외범가 성립하지 않는 경우도 있나요?,내국인의 국외범
49,내국인의 국외범에 대해 설명해 주세요.,내국인의 국외범
50,국외에 있는 내국선박 등에서 외국인이 범한 죄는 실수로 해도 처벌되나요?,국외에 있는 내국선박 등에서 외국인이 범한 죄
51,피해자가 원하지 않아도 국외에 있는 내국선박 등에서 외국인이 범한 죄로 처벌되나요?,국외에 있는 내국선박 등에서 외국인이 범한 죄
52,국외에 있는 내국선박 등에서 외국인이 범한 죄에 해당하는 구체적인 예시가 있을까요?,국외에 있는 내국선박 등에서 외국인이 범한 죄
53,외국인의 국외범에 대한 처벌 수위는 어떻게 되나요?,외국인의 국외범
54,외국인의 국외범는 어떤 행위를 하면 성립하나요?,외국인의 국외범
55,외국인의 국외범가 적용되는 조건은 무엇인가요?,외국인의 국외범
56,대한민국과 대한민국국민에 대한 국외범에 대해 설명해 주세요.,대한민국과 대한민국국민에 대한 국외범
57,대한민국과 대한민국국민에 대한 국외범는 어떤 행위를 하면 성립하나요?,대한민국과 대한민국국민에 대한 국외범
58,대한민국과 대한민국국민에 대한 국외범가 성립하지 않는 경우도 있나요?,대한민국과 대한민국국민에 대한 국외범
59,외국에서 집행된 형의 산입에 대한 처벌 수위는 어떻게 되나요?,외국에서 집행된 형의 산입
60,외국에서 집행된 형의 산입는 실수로 해도 처벌되나요?,외국에서 집행된 형의 산입
61,외국에서 집행된 형의 산입가 적용되는 조건은 무엇인가요?,외국에서 집행된 형의 산입
62,총칙의 적용가 성립하지 않는 경우도 있나요?,총칙의 적용
63,피해자가 원하지 않아도 총칙의 적용로 처벌되나요?,총칙의 적용
64,총칙의 적용에 대한 처벌 수위는 어떻게 되나요?,총칙의 적용
65,형사미성년자에 대한 처벌 수위는 어떻게 되나요?,형사미성년자
66,형사미성년자는 실수로 해도 처벌되나요?,형사미성년자
67,피해자가 원하지 않아도 형사미성년자로 처벌되나요?,형사미성년자
68,심신장애인에 대한 처벌 수위는 어떻게 되나요?,심신장애인
69,심신장애인가 적용되는 조건은 무엇인가요?,심신장애인
70,심신장애인가 성립하지 않는 경우도 있나요?,심신장애인
71,청각 및 언어 장애인에 대한 처벌 수위는 어떻게 되나요?,청각 및 언어 장애인
72,피해자가 원하지 않아도 청각 및 언어 장애인로 처벌되나요?,청각 및 언어 장애인
73,청각 및 언어 장애인에 해당하는 구체적인 예시가 있을까요?,청각 및 언어 장애인
74,강요된 행위에 해당하는 구체적인 예시가 있을까요?,강요된 행위
75,강요된 행위는 실수로 해도 처벌되나요?,강요된 행위
76,강요된 행위에 대해 설명해 주세요.,강요된 행위
77,피해자가 원하지 않아도 고의로 처벌되나요?,고의
78,고의에 대한 처벌 수위는 어떻게 되나요?,고의
79,고의가 적용되는 조건은 무엇인가요?,고의
80,피해자가 원하지 않아도 과실로 처벌되나요?,과실
81,과실에 해당하는 구체적인 예시가 있을까요?,과실
82,과실는 어떤 행위를 하면 성립하나요?,과실
83,사실의 착오가 적용되는 조건은 무엇인가요?,사실의 착오
84,피해자가 원하지 않아도 사실의 착오로 처벌되나요?,사실의 착오
85,사실의 착오는 실수로 해도 처벌되나요?,사실의 착오
86,법률의 착오는 실수로 해도 처벌되나요?,법률의 착오
87,법률의 착오에 대해 설명해 주세요.,법률의 착오
88,법률의 착오는 어떤 행위를 하면 성립하나요?,법률의 착오
89,인과관계는 어떤 행위를 하면 성립하나요?,인과관계
90,인과관계가 적용되는 조건은 무엇인가요?,인과관계
91,인과관계에 대해 설명해 주세요.,인과관계
92,부작위범는 어떤 행위를 하면 성립하나요?,부작위범
93,부작위범에 해당하는 구체적인 예시가 있을까요?,부작위범
94,부작위범에 대해 설명해 주세요.,부작위범
95,독립행위의 경합가 적용되는 조건은 무엇인가요?,독립행위의 경합
96,독립행위의 경합에 대한 처벌 수위는 어떻게 되나요?,독립행위의 경합
97,독립행위의 경합는 실수로 해도 처벌되나요?,독립행위의 경합
98,정당행위에 대해 설명해 주세요.,정당행위
99,정당행위는 실수로 해도 처벌되나요?,정당행위
100,정당행위에 해당하는 구체적인 예시가 있을까요?,정당행위
101,정당방위가 성립하지 않는 경우도 있나요?,정당방위
102,정당방위가 적용되는 조건은 무엇인가요?,정당방위
103,정당방위에 대한 처벌 수위는 어떻게 되나요?,정당방위
104,긴급피난에 대한 처벌 수위는 어떻게 되나요?,긴급피난
105,긴급피난는 어떤 행위를 하면 성립하나요?,긴급피난
106,피해자가 원하지 않아도 긴급피난로 처벌되나요?,긴급피난
107,자구행위에 해당하는 구체적인 예시가 있을까요?,자구행위
108,자구행위에 대한 처벌 수위는 어떻게 되나요?,자구행위
109,자구행위는 어떤 행위를 하면 성립하나요?,자구행위
110,피해자의 승낙가 성립하지 않는 경우도 있나요?,피해자의 승낙
111,피해자의 승낙는 어떤 행위를 하면 성립하나요?,피해자의 승낙
112,피해자의 승낙는 실수로 해도 처벌되나요?,피해자의 승낙
113,미수범가 성립하지 않는 경우도 있나요?,미수범
114,미수범에 해당하는 구체적인 예시가 있을까요?,미수범
115,피해자가 원하지 않아도 미수범로 처벌되나요?,미수범
116,중지범가 성립하지 않는 경우도 있나요?,중지범
117,중지범가 적용되는 조건은 무엇인가요?,중지범
118,중지범는 실수로 해도 처벌되나요?,중지범
119,불능범가 적용되는 조건은 무엇인가요?,불능범
120,불능범가 성립하지 않는 경우도 있나요?,불능범
121,불능범에 대해 설명해 주세요.,불능범
122,"피해자가 원하지 않아도 음모, 예비로 처벌되나요?","음모, 예비"
123,"음모, 예비가 성립하지 않는 경우도 있나요?","음모, 예비"
124,"음모, 예비는 실수로 해도 처벌되나요?","음모, 예비"
125,미수범의 처벌는 어떤 행위를 하면 성립하나요?,미수범의 처벌
126,미수범의 처벌에 해당하는 구체적인 예시가 있을까요?,미수범의 처벌
127,미수범의 처벌가 성립하지 않는 경우도 있나요?,미수범의 처벌
128,공동정범에 대해 설명해 주세요.,공동정범
129,공동정범가 성립하지 않는 경우도 있나요?,공동정범
130,공동정범는 어떤 행위를 하면 성립하나요?,공동정범
131,교사범에 대한 처벌 수위는 어떻게 되나요?,교사범
132,교사범는 어떤 행위를 하면 성립하나요?,교사범
133,교사범가 적용되는 조건은 무엇인가요?,교사범
134,종범가 성립하지 않는 경우도 있나요?,종범
135,종범에 대해 설명해 주세요.,종범
136,종범는 어떤 행위를 하면 성립하나요?,종범
137,공범과 신분가 성립하지 않는 경우도 있나요?,공범과 신분
138,공범과 신분는 어떤 행위를 하면 성립하나요?,공범과 신분
139,공범과 신분에 대한 처벌 수위는 어떻게 되나요?,공범과 신분
140,"간접정범, 특수한 교사, 방조에 대한 형의 가중에 해당하는 구체적인 예시가 있을까요?","간접정범, 특수한 교사, 방조에 대한 형의 가중"
141,"간접정범, 특수한 교사, 방조에 대한 형의 가중가 적용되는 조건은 무엇인가요?","간접정범, 특수한 교사, 방조에 대한 형의 가중"
142,"간접정범, 특수한 교사, 방조에 대한 형의 가중가 성립하지 않는 경우도 있나요?","간접정범, 특수한 교사, 방조에 대한 형의 가중"
143,누범가 적용되는 조건은 무엇인가요?,누범
144,피해자가 원하지 않아도 누범로 처벌되나요?,누범
145,누범는 어떤 행위를 하면 성립하나요?,누범
146,판결선고후의 누범발각는 실수로 해도 처벌되나요?,판결선고후의 누범발각
147,판결선고후의 누범발각는 어떤 행위를 하면 성립하나요?,판결선고후의 누범발각
148,판결선고후의 누범발각에 대한 처벌 수위는 어떻게 되나요?,판결선고후의 누범발각
149,경합범는 어떤 행위를 하면 성립하나요?,경합범
150,경합범는 실수로 해도 처벌되나요?,경합범
151,경합범가 적용되는 조건은 무엇인가요?,경합범
152,경합범과 처벌례에 해당하는 구체적인 예시가 있을까요?,경합범과 처벌례
153,피해자가 원하지 않아도 경합범과 처벌례로 처벌되나요?,경합범과 처벌례
154,경합범과 처벌례는 어떤 행위를 하면 성립하나요?,경합범과 처벌례
155,"판결을 받지 아니한 경합범, 수개의 판결과 경합범, 형의 집행과 경합범에 해당하는 구체적인 예시가 있을까요?","판결을 받지 아니한 경합범, 수개의 판결과 경합범, 형의 집행과 경합범"
156,"피해자가 원하지 않아도 판결을 받지 아니한 경합범, 수개의 판결과 경합범, 형의 집행과 경합범로 처벌되나요?","판결을 받지 아니한 경합범, 수개의 판결과 경합범, 형의 집행과 경합범"
157,"판결을 받지 아니한 경합범, 수개의 판결과 경합범, 형의 집행과 경합범는 어떤 행위를 하면 성립하나요?","판결을 받지 아니한 경합범, 수개의 판결과 경합범, 형의 집행과 경합범"
158,상상적 경합는 어떤 행위를 하면 성립하나요?,상상적 경합
159,상상적 경합가 적용되는 조건은 무엇인가요?,상상적 경합
160,피해자가 원하지 않아도 상상적 경합로 처벌되나요?,상상적 경합
161,형의 종류는 어떤 행위를 하면 성립하나요?,형의 종류
162,형의 종류에 대해 설명해 주세요.,형의 종류
163,피해자가 원하지 않아도 형의 종류로 처벌되나요?,형의 종류
164,징역 또는 금고의 기간가 성립하지 않는 경우도 있나요?,징역 또는 금고의 기간
165,징역 또는 금고의 기간는 어떤 행위를 하면 성립하나요?,징역 또는 금고의 기간
166,피해자가 원하지 않아도 징역 또는 금고의 기간로 처벌되나요?,징역 또는 금고의 기간
167,"형의 선고와 자격상실, 자격정지에 대해 설명해 주세요.","형의 선고와 자격상실, 자격정지"
168,"형의 선고와 자격상실, 자격정지는 어떤 행위를 하면 성립하나요?","형의 선고와 자격상실, 자격정지"
169,"형의 선고와 자격상실, 자격정지에 해당하는 구체적인 예시가 있을까요?","형의 선고와 자격상실, 자격정지"
170,자격정지가 적용되는 조건은 무엇인가요?,자격정지
171,자격정지에 대한 처벌 수위는 어떻게 되나요?,자격정지
172,자격정지는 실수로 해도 처벌되나요?,자격정지
173,피해자가 원하지 않아도 벌금로 처벌되나요?,벌금
174,벌금에 해당하는 구체적인 예시가 있을까요?,벌금
175,벌금는 실수로 해도 처벌되나요?,벌금
176,구류에 대해 설명해 주세요.,구류
177,구류에 해당하는 구체적인 예시가 있을까요?,구류
178,구류는 어떤 행위를 하면 성립하나요?,구류
179,과료에 대한 처벌 수위는 어떻게 되나요?,과료
180,과료에 대해 설명해 주세요.,과료
181,피해자가 원하지 않아도 과료로 처벌되나요?,과료
182,몰수의 대상과 추징가 성립하지 않는 경우도 있나요?,몰수의 대상과 추징
183,몰수의 대상과 추징에 해당하는 구체적인 예시가 있을까요?,몰수의 대상과 추징
184,몰수의 대상과 추징는 실수로 해도 처벌되나요?,몰수의 대상과 추징
185,몰수의 부가성에 해당하는 구체적인 예시가 있을까요?,몰수의 부가성
186,피해자가 원하지 않아도 몰수의 부가성로 처벌되나요?,몰수의 부가성
187,몰수의 부가성는 어떤 행위를 하면 성립하나요?,몰수의 부가성
188,형의 경중가 적용되는 조건은 무엇인가요?,형의 경중
189,형의 경중가 성립하지 않는 경우도 있나요?,형의 경중
190,형의 경중는 실수로 해도 처벌되나요?,형의 경중
191,양형의 조건는 어떤 행위를 하면 성립하나요?,양형의 조건
192,피해자가 원하지 않아도 양형의 조건로 처벌되나요?,양형의 조건
193,양형의 조건는 실수로 해도 처벌되나요?,양형의 조건
194,"자수, 자복는 실수로 해도 처벌되나요?","자수, 자복"
195,"자수, 자복에 대한 처벌 수위는 어떻게 되나요?","자수, 자복"
196,"자수, 자복가 성립하지 않는 경우도 있나요?","자수, 자복"
197,정상참작감경는 실수로 해도 처벌되나요?,정상참작감경
198,정상참작감경가 적용되는 조건은 무엇인가요?,정상참작감경
199,정상참작감경는 어떤 행위를 하면 성립하나요?,정상참작감경
200,선택형과 정상참작감경는 어떤 행위를 하면 성립하나요?,선택형과 정상참작감경
201,선택형과 정상참작감경가 성립하지 않는 경우도 있나요?,선택형과 정상참작감경
202,피해자가 원하지 않아도 선택형과 정상참작감경로 처벌되나요?,선택형과 정상참작감경
203,법률상의 감경에 대한 처벌 수위는 어떻게 되나요?,법률상의 감경
204,법률상의 감경에 해당하는 구체적인 예시가 있을까요?,법률상의 감경
205,피해자가 원하지 않아도 법률상의 감경로 처벌되나요?,법률상의 감경
206,가중ㆍ감경의 순서는 어떤 행위를 하면 성립하나요?,가중ㆍ감경의 순서
207,가중ㆍ감경의 순서에 대한 처벌 수위는 어떻게 되나요?,가중ㆍ감경의 순서
208,가중ㆍ감경의 순서는 실수로 해도 처벌되나요?,가중ㆍ감경의 순서
209,판결선고전 구금일수의 통산는 어떤 행위를 하면 성립하나요?,판결선고전 구금일수의 통산
210,판결선고전 구금일수의 통산에 해당하는 구체적인 예시가 있을까요?,판결선고전 구금일수의 통산
211,판결선고전 구금일수의 통산는 실수로 해도 처벌되나요?,판결선고전 구금일수의 통산
212,판결의 공시가 성립하지 않는 경우도 있나요?,판결의 공시
213,판결의 공시는 어떤 행위를 하면 성립하나요?,판결의 공시
214,판결의 공시에 해당하는 구체적인 예시가 있을까요?,판결의 공시
215,선고유예의 요건에 대한 처벌 수위는 어떻게 되나요?,선고유예의 요건
216,선고유예의 요건는 어떤 행위를 하면 성립하나요?,선고유예의 요건
217,피해자가 원하지 않아도 선고유예의 요건로 처벌되나요?,선고유예의 요건
218,선고유예의 효과가 성립하지 않는 경우도 있나요?,선고유예의 효과
219,선고유예의 효과에 대한 처벌 수위는 어떻게 되나요?,선고유예의 효과
220,선고유예의 효과는 어떤 행위를 하면 성립하나요?,선고유예의 효과
221,피해자가 원하지 않아도 선고유예의 실효로 처벌되나요?,선고유예의 실효
222,선고유예의 실효에 해당하는 구체적인 예시가 있을까요?,선고유예의 실효
223,선고유예의 실효는 실수로 해도 처벌되나요?,선고유예의 실효
224,피해자가 원하지 않아도 집행유예의 요건로 처벌되나요?,집행유예의 요건
225,집행유예의 요건가 성립하지 않는 경우도 있나요?,집행유예의 요건
226,집행유예의 요건에 대해 설명해 주세요.,집행유예의 요건
227,피해자가 원하지 않아도 집행유예의 실효로 처벌되나요?,집행유예의 실효
228,집행유예의 실효가 성립하지 않는 경우도 있나요?,집행유예의 실효
229,집행유예의 실효에 대한 처벌 수위는 어떻게 되나요?,집행유예의 실효
230,집행유예의 취소에 대한 처벌 수위는 어떻게 되나요?,집행유예의 취소
231,집행유예의 취소는 실수로 해도 처벌되나요?,집행유예의 취소
232,집행유예의 취소에 대해 설명해 주세요.,집행유예의 취소
233,집행유예의 효과에 해당하는 구체적인 예시가 있을까요?,집행유예의 효과
234,집행유예의 효과에 대해 설명해 주세요.,집행유예의 효과
235,집행유예의 효과가 적용되는 조건은 무엇인가요?,집행유예의 효과
236,사형가 적용되는 조건은 무엇인가요?,사형
237,피해자가 원하지 않아도 사형로 처벌되나요?,사형
238,사형에 대해 설명해 주세요.,사형
239,징역에 해당하는 구체적인 예시가 있을까요?,징역
240,징역가 적용되는 조건은 무엇인가요?,징역
241,징역에 대한 처벌 수위는 어떻게 되나요?,징역
242,금고와 구류는 실수로 해도 처벌되나요?,금고와 구류
243,금고와 구류에 대한 처벌 수위는 어떻게 되나요?,금고와 구류
244,피해자가 원하지 않아도 금고와 구류로 처벌되나요?,금고와 구류
245,벌금과 과료에 대해 설명해 주세요.,벌금과 과료
246,벌금과 과료는 어떤 행위를 하면 성립하나요?,벌금과 과료
247,벌금과 과료에 대한 처벌 수위는 어떻게 되나요?,벌금과 과료
248,노역장 유치는 어떤 행위를 하면 성립하나요?,노역장 유치
249,노역장 유치가 적용되는 조건은 무엇인가요?,노역장 유치
250,노역장 유치가 성립하지 않는 경우도 있나요?,노역장 유치
251,유치일수의 공제는 실수로 해도 처벌되나요?,유치일수의 공제
252,유치일수의 공제는 어떤 행위를 하면 성립하나요?,유치일수의 공제
253,유치일수의 공제가 적용되는 조건은 무엇인가요?,유치일수의 공제
254,가석방의 요건는 어떤 행위를 하면 성립하나요?,가석방의 요건
255,가석방의 요건에 대한 처벌 수위는 어떻게 되나요?,가석방의 요건
256,가석방의 요건가 적용되는 조건은 무엇인가요?,가석방의 요건
257,판결선고 전 구금과 가석방에 해당하는 구체적인 예시가 있을까요?,판결선고 전 구금과 가석방
258,판결선고 전 구금과 가석방에 대해 설명해 주세요.,판결선고 전 구금과 가석방
259,판결선고 전 구금과 가석방가 성립하지 않는 경우도 있나요?,판결선고 전 구금과 가석방
260,가석방의 실효에 해당하는 구체적인 예시가 있을까요?,가석방의 실효
261,가석방의 실효에 대한 처벌 수위는 어떻게 되나요?,가석방의 실효
262,가석방의 실효는 어떤 행위를 하면 성립하나요?,가석방의 실효
263,가석방의 취소는 어떤 행위를 하면 성립하나요?,가석방의 취소
264,피해자가 원하지 않아도 가석방의 취소로 처벌되나요?,가석방의 취소
265,가석방의 취소에 해당하는 구체적인 예시가 있을까요?,가석방의 취소
266,가석방의 효과가 적용되는 조건은 무엇인가요?,가석방의 효과
267,가석방의 효과에 해당하는 구체적인 예시가 있을까요?,가석방의 효과
268,가석방의 효과가 성립하지 않는 경우도 있나요?,가석방의 효과
269,피해자가 원하지 않아도 형의 시효의 효과로 처벌되나요?,형의 시효의 효과
270,형의 시효의 효과는 어떤 행위를 하면 성립하나요?,형의 시효의 효과
271,형의 시효의 효과에 해당하는 구체적인 예시가 있을까요?,형의 시효의 효과
272,형의 시효의 기간는 어떤 행위를 하면 성립하나요?,형의 시효의 기간
273,형의 시효의 기간에 대한 처벌 수위는 어떻게 되나요?,형의 시효의 기간
274,형의 시효의 기간에 해당하는 구체적인 예시가 있을까요?,형의 시효의 기간
275,형의 시효의 정지가 적용되는 조건은 무엇인가요?,형의 시효의 정지
276,형의 시효의 정지에 대한 처벌 수위는 어떻게 되나요?,형의 시효의 정지
277,형의 시효의 정지는 어떤 행위를 하면 성립하나요?,형의 시효의 정지
278,형의 시효의 중단가 성립하지 않는 경우도 있나요?,형의 시효의 중단
279,형의 시효의 중단에 대해 설명해 주세요.,형의 시효의 중단
280,형의 시효의 중단가 적용되는 조건은 무엇인가요?,형의 시효의 중단
281,피해자가 원하지 않아도 형의 실효로 처벌되나요?,형의 실효
282,형의 실효가 적용되는 조건은 무엇인가요?,형의 실효
283,형의 실효는 어떤 행위를 하면 성립하나요?,형의 실효
284,복권가 성립하지 않는 경우도 있나요?,복권
285,복권는 실수로 해도 처벌되나요?,복권
286,복권에 대해 설명해 주세요.,복권
287,기간의 계산에 해당하는 구체적인 예시가 있을까요?,기간의 계산
288,기간의 계산에 대해 설명해 주세요.,기간의 계산
289,기간의 계산에 대한 처벌 수위는 어떻게 되나요?,기간의 계산
290,피해자가 원하지 않아도 형기의 기산로 처벌되나요?,형기의 기산
291,형기의 기산는 실수로 해도 처벌되나요?,형기의 기산
292,형기의 기산가 성립하지 않는 경우도 있나요?,형기의 기산
293,형의 집행과 시효기간의 초일에 해당하는 구체적인 예시가 있을까요?,형의 집행과 시효기간의 초일
294,형의 집행과 시효기간의 초일는 어떤 행위를 하면 성립하나요?,형의 집행과 시효기간의 초일
295,형의 집행과 시효기간의 초일에 대한 처벌 수위는 어떻게 되나요?,형의 집행과 시효기간의 초일
296,석방일에 해당하는 구체적인 예시가 있을까요?,석방일
297,석방일에 대해 설명해 주세요.,석방일
298,석방일는 실수로 해도 처벌되나요?,석방일
299,내란는 실수로 해도 처벌되나요?,내란
300,내란는 어떤 행위를 하면 성립하나요?,내란
301,내란에 대해 설명해 주세요.,내란
302,내란목적의 살인는 어떤 행위를 하면 성립하나요?,내란목적의 살인
303,내란목적의 살인에 대해 설명해 주세요.,내란목적의 살인
304,내란목적의 살인가 성립하지 않는 경우도 있나요?,내란목적의 살인
305,미수범는 실수로 해도 처벌되나요?,미수범
308,"예비, 음모, 선동, 선전는 실수로 해도 처벌되나요?","예비, 음모, 선동, 선전"
309,"예비, 음모, 선동, 선전에 대해 설명해 주세요.","예비, 음모, 선동, 선전"
310,"예비, 음모, 선동, 선전가 적용되는 조건은 무엇인가요?","예비, 음모, 선동, 선전"
311,국헌문란의 정의에 해당하는 구체적인 예시가 있을까요?,국헌문란의 정의
312,국헌문란의 정의는 실수로 해도 처벌되나요?,국헌문란의 정의
313,국헌문란의 정의가 성립하지 않는 경우도 있나요?,국헌문란의 정의
314,외환유치가 성립하지 않는 경우도 있나요?,외환유치
315,외환유치는 어떤 행위를 하면 성립하나요?,외환유치
316,외환유치가 적용되는 조건은 무엇인가요?,외환유치
317,여적에 해당하는 구체적인 예시가 있을까요?,여적
318,여적가 적용되는 조건은 무엇인가요?,여적
319,여적에 대해 설명해 주세요.,여적
320,모병이적가 성립하지 않는 경우도 있나요?,모병이적
321,모병이적에 대해 설명해 주세요.,모병이적
322,모병이적에 대한 처벌 수위는 어떻게 되나요?,모병이적
323,시설제공이적는 어떤 행위를 하면 성립하나요?,시설제공이적
324,시설제공이적에 해당하는 구체적인 예시가 있을까요?,시설제공이적
325,시설제공이적가 성립하지 않는 경우도 있나요?,시설제공이적
326,시설파괴이적가 성립하지 않는 경우도 있나요?,시설파괴이적
327,시설파괴이적는 실수로 해도 처벌되나요?,시설파괴이적
328,시설파괴이적에 대한 처벌 수위는 어떻게 되나요?,시설파괴이적
329,물건제공이적가 적용되는 조건은 무엇인가요?,물건제공이적
330,물건제공이적에 대해 설명해 주세요.,물건제공이적
331,물건제공이적는 어떤 행위를 하면 성립하나요?,물건제공이적
332,간첩에 해당하는 구체적인 예시가 있을까요?,간첩
333,간첩가 적용되는 조건은 무엇인가요?,간첩
334,피해자가 원하지 않아도 간첩로 처벌되나요?,간첩
335,일반이적에 대한 처벌 수위는 어떻게 되나요?,일반이적
336,피해자가 원하지 않아도 일반이적로 처벌되나요?,일반이적
337,일반이적에 해당하는 구체적인 예시가 있을까요?,일반이적
339,미수범에 대한 처벌 수위는 어떻게 되나요?,미수범
342,"예비, 음모, 선동, 선전는 어떤 행위를 하면 성립하나요?","예비, 음모, 선동, 선전"
344,피해자가 원하지 않아도 준적국로 처벌되나요?,준적국
345,준적국에 해당하는 구체적인 예시가 있을까요?,준적국
346,준적국에 대한 처벌 수위는 어떻게 되나요?,준적국
347,전시군수계약불이행가 성립하지 않는 경우도 있나요?,전시군수계약불이행
348,전시군수계약불이행가 적용되는 조건은 무엇인가요?,전시군수계약불이행
349,피해자가 원하지 않아도 전시군수계약불이행로 처벌되나요?,전시군수계약불이행
350,동맹국는 어떤 행위를 하면 성립하나요?,동맹국
351,동맹국에 해당하는 구체적인 예시가 있을까요?,동맹국
352,동맹국에 대한 처벌 수위는 어떻게 되나요?,동맹국
353,"국기, 국장의 모독에 대해 설명해 주세요.","국기, 국장의 모독"
354,"피해자가 원하지 않아도 국기, 국장의 모독로 처벌되나요?","국기, 국장의 모독"
355,"국기, 국장의 모독가 성립하지 않는 경우도 있나요?","국기, 국장의 모독"
356,"국기, 국장의 비방가 성립하지 않는 경우도 있나요?","국기, 국장의 비방"
357,"국기, 국장의 비방에 대한 처벌 수위는 어떻게 되나요?","국기, 국장의 비방"
358,"국기, 국장의 비방에 대해 설명해 주세요.","국기, 국장의 비방"
359,외국원수에 대한 폭행 등에 대한 처벌 수위는 어떻게 되나요?,외국원수에 대한 폭행 등
360,피해자가 원하지 않아도 외국원수에 대한 폭행 등로 처벌되나요?,외국원수에 대한 폭행 등
361,외국원수에 대한 폭행 등에 해당하는 구체적인 예시가 있을까요?,외국원수에 대한 폭행 등
362,외국사절에 대한 폭행 등에 대한 처벌 수위는 어떻게 되나요?,외국사절에 대한 폭행 등
363,외국사절에 대한 폭행 등가 적용되는 조건은 무엇인가요?,외국사절에 대한 폭행 등
364,외국사절에 대한 폭행 등에 해당하는 구체적인 예시가 있을까요?,외국사절에 대한 폭행 등
365,"피해자가 원하지 않아도 외국의 국기, 국장의 모독로 처벌되나요?","외국의 국기, 국장의 모독"
366,"외국의 국기, 국장의 모독가 적용되는 조건은 무엇인가요?","외국의 국기, 국장의 모독"
367,"외국의 국기, 국장의 모독에 대한 처벌 수위는 어떻게 되나요?","외국의 국기, 국장의 모독"
368,피해자의 의사가 적용되는 조건은 무엇인가요?,피해자의 의사
369,피해자의 의사는 어떤 행위를 하면 성립하나요?,피해자의 의사
370,피해자의 의사에 해당하는 구체적인 예시가 있을까요?,피해자의 의사
371,외국에 대한 사전는 어떤 행위를 하면 성립하나요?,외국에 대한 사전
372,외국에 대한 사전에 해당하는 구체적인 예시가 있을까요?,외국에 대한 사전
373,외국에 대한 사전에 대해 설명해 주세요.,외국에 대한 사전
374,중립명령위반에 대해 설명해 주세요.,중립명령위반
375,중립명령위반는 어떤 행위를 하면 성립하나요?,중립명령위반
376,중립명령위반가 성립하지 않는 경우도 있나요?,중립명령위반
377,외교상기밀의 누설가 성립하지 않는 경우도 있나요?,외교상기밀의 누설
378,외교상기밀의 누설에 해당하는 구체적인 예시가 있을까요?,외교상기밀의 누설
379,외교상기밀의 누설는 어떤 행위를 하면 성립하나요?,외교상기밀의 누설
380,범죄단체 등의 조직는 어떤 행위를 하면 성립하나요?,범죄단체 등의 조직
381,범죄단체 등의 조직가 성립하지 않는 경우도 있나요?,범죄단체 등의 조직
382,피해자가 원하지 않아도 범죄단체 등의 조직로 처벌되나요?,범죄단체 등의 조직
383,소요에 대해 설명해 주세요.,소요
384,소요는 어떤 행위를 하면 성립하나요?,소요
385,소요는 실수로 해도 처벌되나요?,소요
386,다중불해산에 대한 처벌 수위는 어떻게 되나요?,다중불해산
387,다중불해산에 해당하는 구체적인 예시가 있을까요?,다중불해산
388,다중불해산가 성립하지 않는 경우도 있나요?,다중불해산
389,피해자가 원하지 않아도 전시공수계약불이행로 처벌되나요?,전시공수계약불이행
390,전시공수계약불이행가 성립하지 않는 경우도 있나요?,전시공수계약불이행
391,전시공수계약불이행는 실수로 해도 처벌되나요?,전시공수계약불이행
392,공무원자격의 사칭는 어떤 행위를 하면 성립하나요?,공무원자격의 사칭
393,공무원자격의 사칭에 대한 처벌 수위는 어떻게 되나요?,공무원자격의 사칭
394,공무원자격의 사칭는 실수로 해도 처벌되나요?,공무원자격의 사칭
395,폭발물 사용에 대해 설명해 주세요.,폭발물 사용
396,폭발물 사용가 적용되는 조건은 무엇인가요?,폭발물 사용
397,폭발물 사용는 실수로 해도 처벌되나요?,폭발물 사용
398,"예비, 음모, 선동에 대해 설명해 주세요.","예비, 음모, 선동"
399,"예비, 음모, 선동에 해당하는 구체적인 예시가 있을까요?","예비, 음모, 선동"
400,"예비, 음모, 선동가 성립하지 않는 경우도 있나요?","예비, 음모, 선동"
401,전시폭발물제조 등에 해당하는 구체적인 예시가 있을까요?,전시폭발물제조 등
402,전시폭발물제조 등는 실수로 해도 처벌되나요?,전시폭발물제조 등
403,피해자가 원하지 않아도 전시폭발물제조 등로 처벌되나요?,전시폭발물제조 등
404,직무유기에 대한 처벌 수위는 어떻게 되나요?,직무유기
405,직무유기는 실수로 해도 처벌되나요?,직무유기
406,직무유기는 어떤 행위를 하면 성립하나요?,직무유기
407,직권남용가 성립하지 않는 경우도 있나요?,직권남용
408,직권남용는 실수로 해도 처벌되나요?,직권남용
409,직권남용에 대해 설명해 주세요.,직권남용
410,"불법체포, 불법감금에 해당하는 구체적인 예시가 있을까요?","불법체포, 불법감금"
411,"불법체포, 불법감금가 적용되는 조건은 무엇인가요?","불법체포, 불법감금"
412,"피해자가 원하지 않아도 불법체포, 불법감금로 처벌되나요?","불법체포, 불법감금"
413,"피해자가 원하지 않아도 폭행, 가혹행위로 처벌되나요?","폭행, 가혹행위"
414,"폭행, 가혹행위가 성립하지 않는 경우도 있나요?","폭행, 가혹행위"
415,"폭행, 가혹행위에 대한 처벌 수위는 어떻게 되나요?","폭행, 가혹행위"
416,피의사실공표에 대한 처벌 수위는 어떻게 되나요?,피의사실공표
417,피의사실공표는 실수로 해도 처벌되나요?,피의사실공표
418,피해자가 원하지 않아도 피의사실공표로 처벌되나요?,피의사실공표
419,공무상 비밀의 누설가 성립하지 않는 경우도 있나요?,공무상 비밀의 누설
420,공무상 비밀의 누설에 대한 처벌 수위는 어떻게 되나요?,공무상 비밀의 누설
421,공무상 비밀의 누설가 적용되는 조건은 무엇인가요?,공무상 비밀의 누설
422,선거방해에 해당하는 구체적인 예시가 있을까요?,선거방해
423,선거방해에 대해 설명해 주세요.,선거방해
424,선거방해에 대한 처벌 수위는 어떻게 되나요?,선거방해
425,"수뢰, 사전수뢰에 대한 처벌 수위는 어떻게 되나요?","수뢰, 사전수뢰"
426,"수뢰, 사전수뢰는 어떤 행위를 하면 성립하나요?","수뢰, 사전수뢰"
427,"수뢰, 사전수뢰가 성립하지 않는 경우도 있나요?","수뢰, 사전수뢰"
428,제삼자뇌물제공에 대해 설명해 주세요.,제삼자뇌물제공
429,제삼자뇌물제공에 해당하는 구체적인 예시가 있을까요?,제삼자뇌물제공
430,제삼자뇌물제공는 실수로 해도 처벌되나요?,제삼자뇌물제공
431,"수뢰후부정처사, 사후수뢰가 적용되는 조건은 무엇인가요?","수뢰후부정처사, 사후수뢰"
432,"피해자가 원하지 않아도 수뢰후부정처사, 사후수뢰로 처벌되나요?","수뢰후부정처사, 사후수뢰"
433,"수뢰후부정처사, 사후수뢰는 어떤 행위를 하면 성립하나요?","수뢰후부정처사, 사후수뢰"
434,알선수뢰가 적용되는 조건은 무엇인가요?,알선수뢰
435,피해자가 원하지 않아도 알선수뢰로 처벌되나요?,알선수뢰
436,알선수뢰는 실수로 해도 처벌되나요?,알선수뢰
437,뇌물공여 등가 성립하지 않는 경우도 있나요?,뇌물공여 등
438,뇌물공여 등는 실수로 해도 처벌되나요?,뇌물공여 등
439,뇌물공여 등는 어떤 행위를 하면 성립하나요?,뇌물공여 등
440,"몰수, 추징는 실수로 해도 처벌되나요?","몰수, 추징"
441,"몰수, 추징가 적용되는 조건은 무엇인가요?","몰수, 추징"
442,"몰수, 추징에 대한 처벌 수위는 어떻게 되나요?","몰수, 추징"
443,공무원의 직무상 범죄에 대한 형의 가중에 대한 처벌 수위는 어떻게 되나요?,공무원의 직무상 범죄에 대한 형의 가중
444,피해자가 원하지 않아도 공무원의 직무상 범죄에 대한 형의 가중로 처벌되나요?,공무원의 직무상 범죄에 대한 형의 가중
445,공무원의 직무상 범죄에 대한 형의 가중가 적용되는 조건은 무엇인가요?,공무원의 직무상 범죄에 대한 형의 가중
446,공무집행방해는 실수로 해도 처벌되나요?,공무집행방해
447,공무집행방해가 적용되는 조건은 무엇인가요?,공무집행방해
448,공무집행방해는 어떤 행위를 하면 성립하나요?,공무집행방해
449,위계에 의한 공무집행방해는 어떤 행위를 하면 성립하나요?,위계에 의한 공무집행방해
450,위계에 의한 공무집행방해가 성립하지 않는 경우도 있나요?,위계에 의한 공무집행방해
451,위계에 의한 공무집행방해에 해당하는 구체적인 예시가 있을까요?,위계에 의한 공무집행방해
452,법정 또는 국회회의장모욕가 성립하지 않는 경우도 있나요?,법정 또는 국회회의장모욕
453,법정 또는 국회회의장모욕에 대해 설명해 주세요.,법정 또는 국회회의장모욕
454,피해자가 원하지 않아도 법정 또는 국회회의장모욕로 처벌되나요?,법정 또는 국회회의장모욕
455,인권옹호직무방해는 어떤 행위를 하면 성립하나요?,인권옹호직무방해
456,피해자가 원하지 않아도 인권옹호직무방해로 처벌되나요?,인권옹호직무방해
457,인권옹호직무방해에 대해 설명해 주세요.,인권옹호직무방해
458,공무상비밀표시무효가 성립하지 않는 경우도 있나요?,공무상비밀표시무효
459,공무상비밀표시무효가 적용되는 조건은 무엇인가요?,공무상비밀표시무효
460,공무상비밀표시무효는 실수로 해도 처벌되나요?,공무상비밀표시무효
461,"공용서류 등의 무효, 공용물의 파괴는 어떤 행위를 하면 성립하나요?","공용서류 등의 무효, 공용물의 파괴"
462,"공용서류 등의 무효, 공용물의 파괴에 해당하는 구체적인 예시가 있을까요?","공용서류 등의 무효, 공용물의 파괴"
463,"공용서류 등의 무효, 공용물의 파괴는 실수로 해도 처벌되나요?","공용서류 등의 무효, 공용물의 파괴"
464,공무상 보관물의 무효는 어떤 행위를 하면 성립하나요?,공무상 보관물의 무효
465,공무상 보관물의 무효가 성립하지 않는 경우도 있나요?,공무상 보관물의 무효
466,공무상 보관물의 무효는 실수로 해도 처벌되나요?,공무상 보관물의 무효
469,미수범에 대해 설명해 주세요.,미수범
470,특수공무방해는 실수로 해도 처벌되나요?,특수공무방해
471,피해자가 원하지 않아도 특수공무방해로 처벌되나요?,특수공무방해
472,특수공무방해가 성립하지 않는 경우도 있나요?,특수공무방해
473,"도주, 집합명령위반는 어떤 행위를 하면 성립하나요?","도주, 집합명령위반"
474,"피해자가 원하지 않아도 도주, 집합명령위반로 처벌되나요?","도주, 집합명령위반"
475,"도주, 집합명령위반에 대한 처벌 수위는 어떻게 되나요?","도주, 집합명령위반"
476,특수도주에 대한 처벌 수위는 어떻게 되나요?,특수도주
477,특수도주는 어떤 행위를 하면 성립하나요?,특수도주
478,특수도주가 성립하지 않는 경우도 있나요?,특수도주
479,도주원조에 대해 설명해 주세요.,도주원조
480,도주원조가 성립하지 않는 경우도 있나요?,도주원조
481,피해자가 원하지 않아도 도주원조로 처벌되나요?,도주원조
482,간수자의 도주원조에 해당하는 구체적인 예시가 있을까요?,간수자의 도주원조
483,간수자의 도주원조에 대한 처벌 수위는 어떻게 되나요?,간수자의 도주원조
484,간수자의 도주원조에 대해 설명해 주세요.,간수자의 도주원조
485,미수범가 적용되는 조건은 무엇인가요?,미수범
487,미수범는 어떤 행위를 하면 성립하나요?,미수범
488,"예비, 음모는 실수로 해도 처벌되나요?","예비, 음모"
489,"예비, 음모가 적용되는 조건은 무엇인가요?","예비, 음모"
490,"예비, 음모는 어떤 행위를 하면 성립하나요?","예비, 음모"
491,범인은닉과 친족간의 특례에 대한 처벌 수위는 어떻게 되나요?,범인은닉과 친족간의 특례
492,범인은닉과 친족간의 특례에 대해 설명해 주세요.,범인은닉과 친족간의 특례
493,피해자가 원하지 않아도 범인은닉과 친족간의 특례로 처벌되나요?,범인은닉과 친족간의 특례
494,"위증, 모해위증는 어떤 행위를 하면 성립하나요?","위증, 모해위증"
495,"위증, 모해위증에 대한 처벌 수위는 어떻게 되나요?","위증, 모해위증"
496,"위증, 모해위증가 성립하지 않는 경우도 있나요?","위증, 모해위증"
497,"자백, 자수는 어떤 행위를 하면 성립하나요?","자백, 자수"
498,"자백, 자수에 대한 처벌 수위는 어떻게 되나요?","자백, 자수"
499,"자백, 자수에 해당하는 구체적인 예시가 있을까요?","자백, 자수"
500,"피해자가 원하지 않아도 허위의 감정, 통역, 번역로 처벌되나요?","허위의 감정, 통역, 번역"
501,"허위의 감정, 통역, 번역가 적용되는 조건은 무엇인가요?","허위의 감정, 통역, 번역"
502,"허위의 감정, 통역, 번역는 실수로 해도 처벌되나요?","허위의 감정, 통역, 번역"
503,증거인멸 등과 친족간의 특례에 해당하는 구체적인 예시가 있을까요?,증거인멸 등과 친족간의 특례
504,증거인멸 등과 친족간의 특례가 적용되는 조건은 무엇인가요?,증거인멸 등과 친족간의 특례
505,증거인멸 등과 친족간의 특례에 대한 처벌 수위는 어떻게 되나요?,증거인멸 등과 친족간의 특례
506,피해자가 원하지 않아도 무고로 처벌되나요?,무고
507,무고가 적용되는 조건은 무엇인가요?,무고
508,무고에 해당하는 구체적인 예시가 있을까요?,무고
509,자백ㆍ자수에 대해 설명해 주세요.,자백ㆍ자수
510,자백ㆍ자수는 어떤 행위를 하면 성립하나요?,자백ㆍ자수
511,피해자가 원하지 않아도 자백ㆍ자수로 처벌되나요?,자백ㆍ자수
512,장례식등의 방해에 대한 처벌 수위는 어떻게 되나요?,장례식등의 방해
513,장례식등의 방해가 성립하지 않는 경우도 있나요?,장례식등의 방해
514,장례식등의 방해가 적용되는 조건은 무엇인가요?,장례식등의 방해
515,시체 등의 오욕에 해당하는 구체적인 예시가 있을까요?,시체 등의 오욕
516,시체 등의 오욕가 적용되는 조건은 무엇인가요?,시체 등의 오욕
517,시체 등의 오욕는 어떤 행위를 하면 성립하나요?,시체 등의 오욕
518,분묘의 발굴에 대해 설명해 주세요.,분묘의 발굴
519,분묘의 발굴에 대한 처벌 수위는 어떻게 되나요?,분묘의 발굴
520,분묘의 발굴는 실수로 해도 처벌되나요?,분묘의 발굴
521,시체 등의 유기 등에 대한 처벌 수위는 어떻게 되나요?,시체 등의 유기 등
522,시체 등의 유기 등는 어떤 행위를 하면 성립하나요?,시체 등의 유기 등
523,시체 등의 유기 등가 성립하지 않는 경우도 있나요?,시체 등의 유기 등
527,변사체 검시 방해에 대한 처벌 수위는 어떻게 되나요?,변사체 검시 방해
528,변사체 검시 방해가 성립하지 않는 경우도 있나요?,변사체 검시 방해
529,변사체 검시 방해는 어떤 행위를 하면 성립하나요?,변사체 검시 방해
530,현주건조물 등 방화는 실수로 해도 처벌되나요?,현주건조물 등 방화
531,현주건조물 등 방화는 어떤 행위를 하면 성립하나요?,현주건조물 등 방화
532,현주건조물 등 방화가 성립하지 않는 경우도 있나요?,현주건조물 등 방화
533,피해자가 원하지 않아도 공용건조물 등 방화로 처벌되나요?,공용건조물 등 방화
534,공용건조물 등 방화에 대해 설명해 주세요.,공용건조물 등 방화
535,공용건조물 등 방화는 실수로 해도 처벌되나요?,공용건조물 등 방화
536,일반건조물 등 방화에 해당하는 구체적인 예시가 있을까요?,일반건조물 등 방화
537,일반건조물 등 방화에 대한 처벌 수위는 어떻게 되나요?,일반건조물 등 방화
538,일반건조물 등 방화가 성립하지 않는 경우도 있나요?,일반건조물 등 방화
539,일반물건 방화는 실수로 해도 처벌되나요?,일반물건 방화
540,일반물건 방화가 성립하지 않는 경우도 있나요?,일반물건 방화
541,일반물건 방화에 대한 처벌 수위는 어떻게 되나요?,일반물건 방화
542,연소가 성립하지 않는 경우도 있나요?,연소
543,연소가 적용되는 조건은 무엇인가요?,연소
544,연소는 어떤 행위를 하면 성립하나요?,연소
545,진화방해에 해당하는 구체적인 예시가 있을까요?,진화방해
546,진화방해가 적용되는 조건은 무엇인가요?,진화방해
547,피해자가 원하지 않아도 진화방해로 처벌되나요?,진화방해
548,실화가 적용되는 조건은 무엇인가요?,실화
549,실화에 대해 설명해 주세요.,실화
550,피해자가 원하지 않아도 실화로 처벌되나요?,실화
551,"업무상실화, 중실화에 대해 설명해 주세요.","업무상실화, 중실화"
552,"업무상실화, 중실화가 적용되는 조건은 무엇인가요?","업무상실화, 중실화"
553,"피해자가 원하지 않아도 업무상실화, 중실화로 처벌되나요?","업무상실화, 중실화"
554,폭발성물건파열에 해당하는 구체적인 예시가 있을까요?,폭발성물건파열
555,폭발성물건파열가 적용되는 조건은 무엇인가요?,폭발성물건파열
556,폭발성물건파열는 실수로 해도 처벌되나요?,폭발성물건파열
557,가스ㆍ전기등 공급방해는 실수로 해도 처벌되나요?,가스ㆍ전기등 공급방해
558,가스ㆍ전기등 공급방해에 대한 처벌 수위는 어떻게 되나요?,가스ㆍ전기등 공급방해
559,가스ㆍ전기등 공급방해에 대해 설명해 주세요.,가스ㆍ전기등 공급방해
564,"예비, 음모가 성립하지 않는 경우도 있나요?","예비, 음모"
566,타인의 권리대상이 된 자기의 물건에 대해 설명해 주세요.,타인의 권리대상이 된 자기의 물건
567,피해자가 원하지 않아도 타인의 권리대상이 된 자기의 물건로 처벌되나요?,타인의 권리대상이 된 자기의 물건
568,타인의 권리대상이 된 자기의 물건는 어떤 행위를 하면 성립하나요?,타인의 권리대상이 된 자기의 물건
569,현주건조물등에의 일수가 적용되는 조건은 무엇인가요?,현주건조물등에의 일수
570,현주건조물등에의 일수는 실수로 해도 처벌되나요?,현주건조물등에의 일수
571,현주건조물등에의 일수가 성립하지 않는 경우도 있나요?,현주건조물등에의 일수
572,공용건조물 등에의 일수가 적용되는 조건은 무엇인가요?,공용건조물 등에의 일수
573,공용건조물 등에의 일수에 해당하는 구체적인 예시가 있을까요?,공용건조물 등에의 일수
574,공용건조물 등에의 일수에 대해 설명해 주세요.,공용건조물 등에의 일수
575,일반건조물 등에의 일수에 대해 설명해 주세요.,일반건조물 등에의 일수
576,일반건조물 등에의 일수는 실수로 해도 처벌되나요?,일반건조물 등에의 일수
577,일반건조물 등에의 일수가 적용되는 조건은 무엇인가요?,일반건조물 등에의 일수
578,방수방해에 대한 처벌 수위는 어떻게 되나요?,방수방해
579,피해자가 원하지 않아도 방수방해로 처벌되나요?,방수방해
580,방수방해에 대해 설명해 주세요.,방수방해
581,과실일수에 해당하는 구체적인 예시가 있을까요?,과실일수
582,과실일수에 대한 처벌 수위는 어떻게 되나요?,과실일수
583,피해자가 원하지 않아도 과실일수로 처벌되나요?,과실일수
589,"피해자가 원하지 않아도 예비, 음모로 처벌되나요?","예비, 음모"
590,수리방해에 해당하는 구체적인 예시가 있을까요?,수리방해
591,수리방해는 어떤 행위를 하면 성립하나요?,수리방해
592,수리방해에 대한 처벌 수위는 어떻게 되나요?,수리방해
593,피해자가 원하지 않아도 일반교통방해로 처벌되나요?,일반교통방해
594,일반교통방해에 대해 설명해 주세요.,일반교통방해
595,일반교통방해가 적용되는 조건은 무엇인가요?,일반교통방해
596,"피해자가 원하지 않아도 기차, 선박 등의 교통방해로 처벌되나요?","기차, 선박 등의 교통방해"
597,"기차, 선박 등의 교통방해가 적용되는 조건은 무엇인가요?","기차, 선박 등의 교통방해"
598,"기차, 선박 등의 교통방해에 해당하는 구체적인 예시가 있을까요?","기차, 선박 등의 교통방해"
599,기차 등의 전복 등가 적용되는 조건은 무엇인가요?,기차 등의 전복 등
600,기차 등의 전복 등에 대해 설명해 주세요.,기차 등의 전복 등
601,기차 등의 전복 등는 어떤 행위를 하면 성립하나요?,기차 등의 전복 등
602,교통방해치사상가 적용되는 조건은 무엇인가요?,교통방해치사상
603,교통방해치사상는 어떤 행위를 하면 성립하나요?,교통방해치사상
604,피해자가 원하지 않아도 교통방해치사상로 처벌되나요?,교통방해치사상
605,"과실, 업무상과실, 중과실는 실수로 해도 처벌되나요?","과실, 업무상과실, 중과실"
606,"과실, 업무상과실, 중과실가 적용되는 조건은 무엇인가요?","과실, 업무상과실, 중과실"
607,"과실, 업무상과실, 중과실에 해당하는 구체적인 예시가 있을까요?","과실, 업무상과실, 중과실"
614,먹는 물의 사용방해가 성립하지 않는 경우도 있나요?,먹는 물의 사용방해
615,먹는 물의 사용방해가 적용되는 조건은 무엇인가요?,먹는 물의 사용방해
616,먹는 물의 사용방해에 대한 처벌 수위는 어떻게 되나요?,먹는 물의 사용방해
617,피해자가 원하지 않아도 수돗물의 사용방해로 처벌되나요?,수돗물의 사용방해
618,수돗물의 사용방해는 실수로 해도 처벌되나요?,수돗물의 사용방해
619,수돗물의 사용방해가 성립하지 않는 경우도 있나요?,수돗물의 사용방해
620,먹는 물 혼독치사상에 해당하는 구체적인 예시가 있을까요?,먹는 물 혼독치사상
621,먹는 물 혼독치사상에 대한 처벌 수위는 어떻게 되나요?,먹는 물 혼독치사상
622,먹는 물 혼독치사상에 대해 설명해 주세요.,먹는 물 혼독치사상
623,수도불통는 실수로 해도 처벌되나요?,수도불통
624,수도불통가 적용되는 조건은 무엇인가요?,수도불통
625,수도불통에 대해 설명해 주세요.,수도불통
631,"예비, 음모에 해당하는 구체적인 예시가 있을까요?","예비, 음모"
632,피해자가 원하지 않아도 아편 등의 제조 등로 처벌되나요?,아편 등의 제조 등
633,아편 등의 제조 등는 실수로 해도 처벌되나요?,아편 등의 제조 등
634,아편 등의 제조 등에 해당하는 구체적인 예시가 있을까요?,아편 등의 제조 등
635,아편흡식기의 제조 등에 대한 처벌 수위는 어떻게 되나요?,아편흡식기의 제조 등
636,아편흡식기의 제조 등는 실수로 해도 처벌되나요?,아편흡식기의 제조 등
637,피해자가 원하지 않아도 아편흡식기의 제조 등로 처벌되나요?,아편흡식기의 제조 등
638,피해자가 원하지 않아도 세관 공무원의 아편 등의 수입로 처벌되나요?,세관 공무원의 아편 등의 수입
639,세관 공무원의 아편 등의 수입에 해당하는 구체적인 예시가 있을까요?,세관 공무원의 아편 등의 수입
640,세관 공무원의 아편 등의 수입에 대한 처벌 수위는 어떻게 되나요?,세관 공무원의 아편 등의 수입
641,"피해자가 원하지 않아도 아편흡식 등, 동장소제공로 처벌되나요?","아편흡식 등, 동장소제공"
642,"아편흡식 등, 동장소제공는 어떤 행위를 하면 성립하나요?","아편흡식 등, 동장소제공"
643,"아편흡식 등, 동장소제공가 적용되는 조건은 무엇인가요?","아편흡식 등, 동장소제공"
647,상습범는 어떤 행위를 하면 성립하나요?,상습범
648,상습범에 해당하는 구체적인 예시가 있을까요?,상습범
649,상습범가 성립하지 않는 경우도 있나요?,상습범
650,자격정지 또는 벌금의 병과가 적용되는 조건은 무엇인가요?,자격정지 또는 벌금의 병과
651,자격정지 또는 벌금의 병과는 어떤 행위를 하면 성립하나요?,자격정지 또는 벌금의 병과
652,자격정지 또는 벌금의 병과가 성립하지 않는 경우도 있나요?,자격정지 또는 벌금의 병과
653,아편 등의 소지에 대한 처벌 수위는 어떻게 되나요?,아편 등의 소지
654,피해자가 원하지 않아도 아편 등의 소지로 처벌되나요?,아편 등의 소지
655,아편 등의 소지가 성립하지 않는 경우도 있나요?,아편 등의 소지
656,"몰수, 추징에 대해 설명해 주세요.","몰수, 추징"
658,"몰수, 추징에 해당하는 구체적인 예시가 있을까요?","몰수, 추징"
659,통화의 위조 등에 대한 처벌 수위는 어떻게 되나요?,통화의 위조 등
660,피해자가 원하지 않아도 통화의 위조 등로 처벌되나요?,통화의 위조 등
661,통화의 위조 등가 성립하지 않는 경우도 있나요?,통화의 위조 등
662,위조통화의 취득에 대해 설명해 주세요.,위조통화의 취득
663,위조통화의 취득에 대한 처벌 수위는 어떻게 되나요?,위조통화의 취득
664,위조통화의 취득에 해당하는 구체적인 예시가 있을까요?,위조통화의 취득
665,자격정지 또는 벌금의 병과에 대한 처벌 수위는 어떻게 되나요?,자격정지 또는 벌금의 병과
667,자격정지 또는 벌금의 병과에 대해 설명해 주세요.,자격정지 또는 벌금의 병과
668,위조통화 취득 후의 지정행사가 성립하지 않는 경우도 있나요?,위조통화 취득 후의 지정행사
669,위조통화 취득 후의 지정행사에 해당하는 구체적인 예시가 있을까요?,위조통화 취득 후의 지정행사
670,위조통화 취득 후의 지정행사에 대한 처벌 수위는 어떻게 되나요?,위조통화 취득 후의 지정행사
671,통화유사물의 제조 등가 적용되는 조건은 무엇인가요?,통화유사물의 제조 등
672,통화유사물의 제조 등에 대한 처벌 수위는 어떻게 되나요?,통화유사물의 제조 등
673,통화유사물의 제조 등는 실수로 해도 처벌되나요?,통화유사물의 제조 등
680,유가증권의 위조 등는 어떤 행위를 하면 성립하나요?,유가증권의 위조 등
681,유가증권의 위조 등는 실수로 해도 처벌되나요?,유가증권의 위조 등
682,유가증권의 위조 등가 성립하지 않는 경우도 있나요?,유가증권의 위조 등
683,자격모용에 의한 유가증권의 작성가 적용되는 조건은 무엇인가요?,자격모용에 의한 유가증권의 작성
684,자격모용에 의한 유가증권의 작성는 실수로 해도 처벌되나요?,자격모용에 의한 유가증권의 작성
685,자격모용에 의한 유가증권의 작성에 대한 처벌 수위는 어떻게 되나요?,자격모용에 의한 유가증권의 작성
686,허위유가증권의 작성 등가 성립하지 않는 경우도 있나요?,허위유가증권의 작성 등
687,허위유가증권의 작성 등에 해당하는 구체적인 예시가 있을까요?,허위유가증권의 작성 등
688,허위유가증권의 작성 등에 대한 처벌 수위는 어떻게 되나요?,허위유가증권의 작성 등
689,피해자가 원하지 않아도 위조유가증권 등의 행사 등로 처벌되나요?,위조유가증권 등의 행사 등
690,위조유가증권 등의 행사 등에 대해 설명해 주세요.,위조유가증권 등의 행사 등
691,위조유가증권 등의 행사 등는 어떤 행위를 하면 성립하나요?,위조유가증권 등의 행사 등
692,인지ㆍ우표의 위조등가 성립하지 않는 경우도 있나요?,인지ㆍ우표의 위조등
693,인지ㆍ우표의 위조등에 해당하는 구체적인 예시가 있을까요?,인지ㆍ우표의 위조등
694,피해자가 원하지 않아도 인지ㆍ우표의 위조등로 처벌되나요?,인지ㆍ우표의 위조등
695,위조인지ㆍ우표등의 취득에 해당하는 구체적인 예시가 있을까요?,위조인지ㆍ우표등의 취득
696,위조인지ㆍ우표등의 취득에 대한 처벌 수위는 어떻게 되나요?,위조인지ㆍ우표등의 취득
697,위조인지ㆍ우표등의 취득에 대해 설명해 주세요.,위조인지ㆍ우표등의 취득
698,피해자가 원하지 않아도 자격정지 또는 벌금의 병과로 처벌되나요?,자격정지 또는 벌금의 병과
701,소인말소에 대해 설명해 주세요.,소인말소
702,소인말소가 성립하지 않는 경우도 있나요?,소인말소
703,피해자가 원하지 않아도 소인말소로 처벌되나요?,소인말소
704,피해자가 원하지 않아도 인지ㆍ우표유사물의 제조 등로 처벌되나요?,인지ㆍ우표유사물의 제조 등
705,인지ㆍ우표유사물의 제조 등는 어떤 행위를 하면 성립하나요?,인지ㆍ우표유사물의 제조 등
706,인지ㆍ우표유사물의 제조 등에 해당하는 구체적인 예시가 있을까요?,인지ㆍ우표유사물의 제조 등
713,공문서등의 위조ㆍ변조는 어떤 행위를 하면 성립하나요?,공문서등의 위조ㆍ변조
714,공문서등의 위조ㆍ변조에 대한 처벌 수위는 어떻게 되나요?,공문서등의 위조ㆍ변조
715,공문서등의 위조ㆍ변조가 적용되는 조건은 무엇인가요?,공문서등의 위조ㆍ변조
716,자격모용에 의한 공문서 등의 작성는 어떤 행위를 하면 성립하나요?,자격모용에 의한 공문서 등의 작성
717,자격모용에 의한 공문서 등의 작성가 성립하지 않는 경우도 있나요?,자격모용에 의한 공문서 등의 작성
718,자격모용에 의한 공문서 등의 작성에 대한 처벌 수위는 어떻게 되나요?,자격모용에 의한 공문서 등의 작성
719,허위공문서작성등가 적용되는 조건은 무엇인가요?,허위공문서작성등
720,허위공문서작성등에 해당하는 구체적인 예시가 있을까요?,허위공문서작성등
721,허위공문서작성등는 어떤 행위를 하면 성립하나요?,허위공문서작성등
722,공정증서원본 등의 부실기재에 대해 설명해 주세요.,공정증서원본 등의 부실기재
723,공정증서원본 등의 부실기재는 어떤 행위를 하면 성립하나요?,공정증서원본 등의 부실기재
724,피해자가 원하지 않아도 공정증서원본 등의 부실기재로 처벌되나요?,공정증서원본 등의 부실기재
725,위조등 공문서의 행사에 대해 설명해 주세요.,위조등 공문서의 행사
726,위조등 공문서의 행사에 대한 처벌 수위는 어떻게 되나요?,위조등 공문서의 행사
727,위조등 공문서의 행사에 해당하는 구체적인 예시가 있을까요?,위조등 공문서의 행사
728,공문서 등의 부정행사가 성립하지 않는 경우도 있나요?,공문서 등의 부정행사
729,공문서 등의 부정행사에 대한 처벌 수위는 어떻게 되나요?,공문서 등의 부정행사
730,피해자가 원하지 않아도 공문서 등의 부정행사로 처벌되나요?,공문서 등의 부정행사
731,사문서등의 위조ㆍ변조에 대해 설명해 주세요.,사문서등의 위조ㆍ변조
732,사문서등의 위조ㆍ변조에 대한 처벌 수위는 어떻게 되나요?,사문서등의 위조ㆍ변조
733,사문서등의 위조ㆍ변조는 실수로 해도 처벌되나요?,사문서등의 위조ㆍ변조
734,자격모용에 의한 사문서의 작성는 어떤 행위를 하면 성립하나요?,자격모용에 의한 사문서의 작성
735,피해자가 원하지 않아도 자격모용에 의한 사문서의 작성로 처벌되나요?,자격모용에 의한 사문서의 작성
736,자격모용에 의한 사문서의 작성에 대한 처벌 수위는 어떻게 되나요?,자격모용에 의한 사문서의 작성
737,허위진단서등의 작성는 어떤 행위를 하면 성립하나요?,허위진단서등의 작성
738,허위진단서등의 작성가 성립하지 않는 경우도 있나요?,허위진단서등의 작성
739,허위진단서등의 작성는 실수로 해도 처벌되나요?,허위진단서등의 작성
740,피해자가 원하지 않아도 위조사문서등의 행사로 처벌되나요?,위조사문서등의 행사
741,위조사문서등의 행사는 실수로 해도 처벌되나요?,위조사문서등의 행사
742,위조사문서등의 행사가 성립하지 않는 경우도 있나요?,위조사문서등의 행사
746,사문서의 부정행사에 대해 설명해 주세요.,사문서의 부정행사
747,사문서의 부정행사에 해당하는 구체적인 예시가 있을까요?,사문서의 부정행사
748,사문서의 부정행사는 실수로 해도 처벌되나요?,사문서의 부정행사
749,피해자가 원하지 않아도 자격정지의 병과로 처벌되나요?,자격정지의 병과
750,자격정지의 병과에 해당하는 구체적인 예시가 있을까요?,자격정지의 병과
751,자격정지의 병과가 적용되는 조건은 무엇인가요?,자격정지의 병과
752,"공인 등의 위조, 부정사용는 실수로 해도 처벌되나요?","공인 등의 위조, 부정사용"
753,"공인 등의 위조, 부정사용가 적용되는 조건은 무엇인가요?","공인 등의 위조, 부정사용"
754,"공인 등의 위조, 부정사용에 대한 처벌 수위는 어떻게 되나요?","공인 등의 위조, 부정사용"
755,"사인등의 위조, 부정사용가 성립하지 않는 경우도 있나요?","사인등의 위조, 부정사용"
756,"사인등의 위조, 부정사용에 해당하는 구체적인 예시가 있을까요?","사인등의 위조, 부정사용"
757,"피해자가 원하지 않아도 사인등의 위조, 부정사용로 처벌되나요?","사인등의 위조, 부정사용"
761,음행매개가 성립하지 않는 경우도 있나요?,음행매개
762,피해자가 원하지 않아도 음행매개로 처벌되나요?,음행매개
763,음행매개가 적용되는 조건은 무엇인가요?,음행매개
764,음화반포등는 실수로 해도 처벌되나요?,음화반포등
765,음화반포등가 적용되는 조건은 무엇인가요?,음화반포등
766,음화반포등가 성립하지 않는 경우도 있나요?,음화반포등
767,음화제조 등에 대해 설명해 주세요.,음화제조 등
768,음화제조 등는 어떤 행위를 하면 성립하나요?,음화제조 등
769,음화제조 등가 적용되는 조건은 무엇인가요?,음화제조 등
770,피해자가 원하지 않아도 공연음란로 처벌되나요?,공연음란
771,공연음란에 해당하는 구체적인 예시가 있을까요?,공연음란
772,공연음란는 실수로 해도 처벌되나요?,공연음란
773,"도박, 상습도박가 적용되는 조건은 무엇인가요?","도박, 상습도박"
774,"도박, 상습도박는 어떤 행위를 하면 성립하나요?","도박, 상습도박"
775,"도박, 상습도박는 실수로 해도 처벌되나요?","도박, 상습도박"
776,도박장소 등 개설가 적용되는 조건은 무엇인가요?,도박장소 등 개설
777,도박장소 등 개설는 어떤 행위를 하면 성립하나요?,도박장소 등 개설
778,도박장소 등 개설에 대해 설명해 주세요.,도박장소 등 개설
779,복표의 발매 등는 어떤 행위를 하면 성립하나요?,복표의 발매 등
780,복표의 발매 등가 적용되는 조건은 무엇인가요?,복표의 발매 등
781,복표의 발매 등에 대한 처벌 수위는 어떻게 되나요?,복표의 발매 등
782,벌금의 병과에 대해 설명해 주세요.,벌금의 병과
783,벌금의 병과는 실수로 해도 처벌되나요?,벌금의 병과
784,벌금의 병과가 적용되는 조건은 무엇인가요?,벌금의 병과
785,"살인, 존속살해는 어떤 행위를 하면 성립하나요?","살인, 존속살해"
786,"살인, 존속살해에 대한 처벌 수위는 어떻게 되나요?","살인, 존속살해"
787,"살인, 존속살해는 실수로 해도 처벌되나요?","살인, 존속살해"
788,"촉탁, 승낙에 의한 살인 등는 어떤 행위를 하면 성립하나요?","촉탁, 승낙에 의한 살인 등"
789,"촉탁, 승낙에 의한 살인 등가 성립하지 않는 경우도 있나요?","촉탁, 승낙에 의한 살인 등"
790,"촉탁, 승낙에 의한 살인 등에 대해 설명해 주세요.","촉탁, 승낙에 의한 살인 등"
791,위계 등에 의한 촉탁살인 등에 대한 처벌 수위는 어떻게 되나요?,위계 등에 의한 촉탁살인 등
792,위계 등에 의한 촉탁살인 등에 해당하는 구체적인 예시가 있을까요?,위계 등에 의한 촉탁살인 등
793,위계 등에 의한 촉탁살인 등가 적용되는 조건은 무엇인가요?,위계 등에 의한 촉탁살인 등
798,"예비, 음모에 대해 설명해 주세요.","예비, 음모"
799,"예비, 음모에 대한 처벌 수위는 어떻게 되나요?","예비, 음모"
801,자격정지의 병과가 성립하지 않는 경우도 있나요?,자격정지의 병과
803,"상해, 존속상해에 해당하는 구체적인 예시가 있을까요?","상해, 존속상해"
804,"상해, 존속상해가 성립하지 않는 경우도 있나요?","상해, 존속상해"
805,"상해, 존속상해에 대한 처벌 수위는 어떻게 되나요?","상해, 존속상해"
806,"중상해, 존속중상해가 성립하지 않는 경우도 있나요?","중상해, 존속중상해"
807,"중상해, 존속중상해는 어떤 행위를 하면 성립하나요?","중상해, 존속중상해"
808,"중상해, 존속중상해는 실수로 해도 처벌되나요?","중상해, 존속중상해"
809,상해치사가 성립하지 않는 경우도 있나요?,상해치사
810,상해치사가 적용되는 조건은 무엇인가요?,상해치사
811,상해치사에 대한 처벌 수위는 어떻게 되나요?,상해치사
812,"폭행, 존속폭행가 적용되는 조건은 무엇인가요?","폭행, 존속폭행"
813,"폭행, 존속폭행에 대한 처벌 수위는 어떻게 되나요?","폭행, 존속폭행"
814,"폭행, 존속폭행는 어떤 행위를 하면 성립하나요?","폭행, 존속폭행"
815,특수폭행에 대해 설명해 주세요.,특수폭행
816,특수폭행는 실수로 해도 처벌되나요?,특수폭행
817,특수폭행가 적용되는 조건은 무엇인가요?,특수폭행
818,피해자가 원하지 않아도 폭행치사상로 처벌되나요?,폭행치사상
819,폭행치사상에 대한 처벌 수위는 어떻게 되나요?,폭행치사상
820,폭행치사상가 적용되는 조건은 무엇인가요?,폭행치사상
821,동시범에 대한 처벌 수위는 어떻게 되나요?,동시범
822,동시범가 성립하지 않는 경우도 있나요?,동시범
823,동시범는 어떤 행위를 하면 성립하나요?,동시범
825,상습범가 적용되는 조건은 무엇인가요?,상습범
826,상습범는 실수로 해도 처벌되나요?,상습범
829,자격정지의 병과는 어떤 행위를 하면 성립하나요?,자격정지의 병과
830,피해자가 원하지 않아도 과실치상로 처벌되나요?,과실치상
831,과실치상에 대해 설명해 주세요.,과실치상
832,과실치상는 실수로 해도 처벌되나요?,과실치상
833,과실치사가 성립하지 않는 경우도 있나요?,과실치사
834,과실치사가 적용되는 조건은 무엇인가요?,과실치사
835,과실치사에 대해 설명해 주세요.,과실치사
836,업무상과실ㆍ중과실 치사상가 적용되는 조건은 무엇인가요?,업무상과실ㆍ중과실 치사상
837,피해자가 원하지 않아도 업무상과실ㆍ중과실 치사상로 처벌되나요?,업무상과실ㆍ중과실 치사상
838,업무상과실ㆍ중과실 치사상에 해당하는 구체적인 예시가 있을까요?,업무상과실ㆍ중과실 치사상
839,낙태에 대해 설명해 주세요.,낙태
840,낙태에 대한 처벌 수위는 어떻게 되나요?,낙태
841,낙태는 실수로 해도 처벌되나요?,낙태
842,"의사 등의 낙태, 부동의낙태가 적용되는 조건은 무엇인가요?","의사 등의 낙태, 부동의낙태"
843,"의사 등의 낙태, 부동의낙태는 어떤 행위를 하면 성립하나요?","의사 등의 낙태, 부동의낙태"
844,"의사 등의 낙태, 부동의낙태에 대한 처벌 수위는 어떻게 되나요?","의사 등의 낙태, 부동의낙태"
845,"유기, 존속유기는 실수로 해도 처벌되나요?","유기, 존속유기"
846,"유기, 존속유기에 대한 처벌 수위는 어떻게 되나요?","유기, 존속유기"
847,"유기, 존속유기는 어떤 행위를 하면 성립하나요?","유기, 존속유기"
848,"학대, 존속학대가 성립하지 않는 경우도 있나요?","학대, 존속학대"
849,"학대, 존속학대는 어떤 행위를 하면 성립하나요?","학대, 존속학대"
850,"학대, 존속학대가 적용되는 조건은 무엇인가요?","학대, 존속학대"
851,아동혹사에 해당하는 구체적인 예시가 있을까요?,아동혹사
852,아동혹사에 대한 처벌 수위는 어떻게 되나요?,아동혹사
853,아동혹사에 대해 설명해 주세요.,아동혹사
854,유기등 치사상는 실수로 해도 처벌되나요?,유기등 치사상
855,유기등 치사상에 대한 처벌 수위는 어떻게 되나요?,유기등 치사상
856,유기등 치사상가 성립하지 않는 경우도 있나요?,유기등 치사상
857,"체포, 감금, 존속체포, 존속감금는 실수로 해도 처벌되나요?","체포, 감금, 존속체포, 존속감금"
858,"체포, 감금, 존속체포, 존속감금가 적용되는 조건은 무엇인가요?","체포, 감금, 존속체포, 존속감금"
859,"체포, 감금, 존속체포, 존속감금에 해당하는 구체적인 예시가 있을까요?","체포, 감금, 존속체포, 존속감금"
860,"중체포, 중감금, 존속중체포, 존속중감금에 대한 처벌 수위는 어떻게 되나요?","중체포, 중감금, 존속중체포, 존속중감금"
861,"중체포, 중감금, 존속중체포, 존속중감금가 적용되는 조건은 무엇인가요?","중체포, 중감금, 존속중체포, 존속중감금"
862,"중체포, 중감금, 존속중체포, 존속중감금에 해당하는 구체적인 예시가 있을까요?","중체포, 중감금, 존속중체포, 존속중감금"
863,"피해자가 원하지 않아도 특수체포, 특수감금로 처벌되나요?","특수체포, 특수감금"
864,"특수체포, 특수감금에 대한 처벌 수위는 어떻게 되나요?","특수체포, 특수감금"
865,"특수체포, 특수감금는 실수로 해도 처벌되나요?","특수체포, 특수감금"
867,상습범에 대한 처벌 수위는 어떻게 되나요?,상습범
868,피해자가 원하지 않아도 상습범로 처벌되나요?,상습범
872,체포ㆍ감금등의 치사상에 대해 설명해 주세요.,체포ㆍ감금등의 치사상
873,피해자가 원하지 않아도 체포ㆍ감금등의 치사상로 처벌되나요?,체포ㆍ감금등의 치사상
874,체포ㆍ감금등의 치사상는 실수로 해도 처벌되나요?,체포ㆍ감금등의 치사상
877,자격정지의 병과는 실수로 해도 처벌되나요?,자격정지의 병과
878,"협박, 존속협박가 적용되는 조건은 무엇인가요?","협박, 존속협박"
879,"협박, 존속협박는 어떤 행위를 하면 성립하나요?","협박, 존속협박"
880,"협박, 존속협박에 대한 처벌 수위는 어떻게 되나요?","협박, 존속협박"
881,특수협박는 실수로 해도 처벌되나요?,특수협박
882,특수협박에 해당하는 구체적인 예시가 있을까요?,특수협박
883,특수협박가 적용되는 조건은 무엇인가요?,특수협박
890,"미성년자의 약취, 유인에 대해 설명해 주세요.","미성년자의 약취, 유인"
891,"미성년자의 약취, 유인에 대한 처벌 수위는 어떻게 되나요?","미성년자의 약취, 유인"
892,"미성년자의 약취, 유인는 실수로 해도 처벌되나요?","미성년자의 약취, 유인"
893,"추행 등 목적 약취, 유인 등는 실수로 해도 처벌되나요?","추행 등 목적 약취, 유인 등"
894,"추행 등 목적 약취, 유인 등에 해당하는 구체적인 예시가 있을까요?","추행 등 목적 약취, 유인 등"
895,"추행 등 목적 약취, 유인 등는 어떤 행위를 하면 성립하나요?","추행 등 목적 약취, 유인 등"
896,인신매매에 대한 처벌 수위는 어떻게 되나요?,인신매매
897,인신매매에 해당하는 구체적인 예시가 있을까요?,인신매매
898,인신매매는 실수로 해도 처벌되나요?,인신매매
899,"피해자가 원하지 않아도 약취, 유인, 매매, 이송 등 상해ㆍ치상로 처벌되나요?","약취, 유인, 매매, 이송 등 상해ㆍ치상"
900,"약취, 유인, 매매, 이송 등 상해ㆍ치상에 대해 설명해 주세요.","약취, 유인, 매매, 이송 등 상해ㆍ치상"
901,"약취, 유인, 매매, 이송 등 상해ㆍ치상에 대한 처벌 수위는 어떻게 되나요?","약취, 유인, 매매, 이송 등 상해ㆍ치상"
902,"약취, 유인, 매매, 이송 등 살인ㆍ치사에 대한 처벌 수위는 어떻게 되나요?","약취, 유인, 매매, 이송 등 살인ㆍ치사"
903,"약취, 유인, 매매, 이송 등 살인ㆍ치사에 대해 설명해 주세요.","약취, 유인, 매매, 이송 등 살인ㆍ치사"
904,"약취, 유인, 매매, 이송 등 살인ㆍ치사가 적용되는 조건은 무엇인가요?","약취, 유인, 매매, 이송 등 살인ㆍ치사"
905,"약취, 유인, 매매, 이송된 사람의 수수ㆍ은닉 등는 어떤 행위를 하면 성립하나요?","약취, 유인, 매매, 이송된 사람의 수수ㆍ은닉 등"
906,"약취, 유인, 매매, 이송된 사람의 수수ㆍ은닉 등가 성립하지 않는 경우도 있나요?","약취, 유인, 매매, 이송된 사람의 수수ㆍ은닉 등"
907,"약취, 유인, 매매, 이송된 사람의 수수ㆍ은닉 등에 대한 처벌 수위는 어떻게 되나요?","약취, 유인, 매매, 이송된 사람의 수수ㆍ은닉 등"
911,벌금의 병과가 성립하지 않는 경우도 있나요?,벌금의 병과
912,벌금의 병과에 해당하는 구체적인 예시가 있을까요?,벌금의 병과
917,강간에 대한 처벌 수위는 어떻게 되나요?,강간
918,강간는 어떤 행위를 하면 성립하나요?,강간
919,강간가 적용되는 조건은 무엇인가요?,강간
920,강제추행는 어떤 행위를 하면 성립하나요?,강제추행
921,강제추행가 성립하지 않는 경우도 있나요?,강제추행
922,강제추행에 대한 처벌 수위는 어떻게 되나요?,강제추행
923,"준강간, 준강제추행에 해당하는 구체적인 예시가 있을까요?","준강간, 준강제추행"
924,"준강간, 준강제추행는 실수로 해도 처벌되나요?","준강간, 준강제추행"
925,"준강간, 준강제추행는 어떤 행위를 하면 성립하나요?","준강간, 준강제추행"
929,강간 등 상해ㆍ치상가 성립하지 않는 경우도 있나요?,강간 등 상해ㆍ치상
930,강간 등 상해ㆍ치상가 적용되는 조건은 무엇인가요?,강간 등 상해ㆍ치상
931,강간 등 상해ㆍ치상에 대해 설명해 주세요.,강간 등 상해ㆍ치상
932,미성년자 등에 대한 간음가 성립하지 않는 경우도 있나요?,미성년자 등에 대한 간음
933,미성년자 등에 대한 간음가 적용되는 조건은 무엇인가요?,미성년자 등에 대한 간음
934,피해자가 원하지 않아도 미성년자 등에 대한 간음로 처벌되나요?,미성년자 등에 대한 간음
935,업무상위력 등에 의한 간음는 어떤 행위를 하면 성립하나요?,업무상위력 등에 의한 간음
936,업무상위력 등에 의한 간음는 실수로 해도 처벌되나요?,업무상위력 등에 의한 간음
937,업무상위력 등에 의한 간음에 해당하는 구체적인 예시가 있을까요?,업무상위력 등에 의한 간음
938,"미성년자에 대한 간음, 추행가 적용되는 조건은 무엇인가요?","미성년자에 대한 간음, 추행"
939,"미성년자에 대한 간음, 추행에 대해 설명해 주세요.","미성년자에 대한 간음, 추행"
940,"미성년자에 대한 간음, 추행는 실수로 해도 처벌되나요?","미성년자에 대한 간음, 추행"
941,명예훼손는 실수로 해도 처벌되나요?,명예훼손
942,피해자가 원하지 않아도 명예훼손로 처벌되나요?,명예훼손
943,명예훼손가 성립하지 않는 경우도 있나요?,명예훼손
944,사자의 명예훼손가 적용되는 조건은 무엇인가요?,사자의 명예훼손
945,사자의 명예훼손에 해당하는 구체적인 예시가 있을까요?,사자의 명예훼손
946,사자의 명예훼손에 대해 설명해 주세요.,사자의 명예훼손
947,출판물 등에 의한 명예훼손가 적용되는 조건은 무엇인가요?,출판물 등에 의한 명예훼손
948,피해자가 원하지 않아도 출판물 등에 의한 명예훼손로 처벌되나요?,출판물 등에 의한 명예훼손
949,출판물 등에 의한 명예훼손에 대해 설명해 주세요.,출판물 등에 의한 명예훼손
950,위법성의 조각에 대한 처벌 수위는 어떻게 되나요?,위법성의 조각
951,위법성의 조각가 적용되는 조건은 무엇인가요?,위법성의 조각
952,위법성의 조각는 어떤 행위를 하면 성립하나요?,위법성의 조각
953,모욕가 적용되는 조건은 무엇인가요?,모욕
954,피해자가 원하지 않아도 모욕로 처벌되나요?,모욕
955,모욕에 대한 처벌 수위는 어떻게 되나요?,모욕
956,고소와 피해자의 의사가 적용되는 조건은 무엇인가요?,고소와 피해자의 의사
957,고소와 피해자의 의사에 대한 처벌 수위는 어떻게 되나요?,고소와 피해자의 의사
958,고소와 피해자의 의사에 대해 설명해 주세요.,고소와 피해자의 의사
959,피해자가 원하지 않아도 신용훼손로 처벌되나요?,신용훼손
960,신용훼손에 해당하는 구체적인 예시가 있을까요?,신용훼손
961,신용훼손가 적용되는 조건은 무엇인가요?,신용훼손
962,업무방해는 실수로 해도 처벌되나요?,업무방해
963,피해자가 원하지 않아도 업무방해로 처벌되나요?,업무방해
964,업무방해에 대한 처벌 수위는 어떻게 되나요?,업무방해
965,"경매, 입찰의 방해는 어떤 행위를 하면 성립하나요?","경매, 입찰의 방해"
966,"경매, 입찰의 방해에 대한 처벌 수위는 어떻게 되나요?","경매, 입찰의 방해"
967,"경매, 입찰의 방해에 대해 설명해 주세요.","경매, 입찰의 방해"
968,비밀침해가 성립하지 않는 경우도 있나요?,비밀침해
969,비밀침해는 실수로 해도 처벌되나요?,비밀침해
970,비밀침해에 대한 처벌 수위는 어떻게 되나요?,비밀침해
971,업무상비밀누설가 성립하지 않는 경우도 있나요?,업무상비밀누설
972,피해자가 원하지 않아도 업무상비밀누설로 처벌되나요?,업무상비밀누설
973,업무상비밀누설는 어떤 행위를 하면 성립하나요?,업무상비밀누설
974,고소가 적용되는 조건은 무엇인가요?,고소
975,고소는 어떤 행위를 하면 성립하나요?,고소
976,고소에 해당하는 구체적인 예시가 있을까요?,고소
977,"주거침입, 퇴거불응에 해당하는 구체적인 예시가 있을까요?","주거침입, 퇴거불응"
978,"주거침입, 퇴거불응가 적용되는 조건은 무엇인가요?","주거침입, 퇴거불응"
979,"주거침입, 퇴거불응는 어떤 행위를 하면 성립하나요?","주거침입, 퇴거불응"
980,특수주거침입는 어떤 행위를 하면 성립하나요?,특수주거침입
981,특수주거침입는 실수로 해도 처벌되나요?,특수주거침입
982,특수주거침입가 적용되는 조건은 무엇인가요?,특수주거침입
983,주거ㆍ신체 수색가 적용되는 조건은 무엇인가요?,주거ㆍ신체 수색
984,주거ㆍ신체 수색에 대해 설명해 주세요.,주거ㆍ신체 수색
985,주거ㆍ신체 수색는 실수로 해도 처벌되나요?,주거ㆍ신체 수색
989,권리행사방해는 어떤 행위를 하면 성립하나요?,권리행사방해
990,피해자가 원하지 않아도 권리행사방해로 처벌되나요?,권리행사방해
991,권리행사방해가 적용되는 조건은 무엇인가요?,권리행사방해
992,강요는 실수로 해도 처벌되나요?,강요
993,강요에 대해 설명해 주세요.,강요
994,강요는 어떤 행위를 하면 성립하나요?,강요
995,"피해자가 원하지 않아도 점유강취, 준점유강취로 처벌되나요?","점유강취, 준점유강취"
996,"점유강취, 준점유강취가 성립하지 않는 경우도 있나요?","점유강취, 준점유강취"
997,"점유강취, 준점유강취에 대한 처벌 수위는 어떻게 되나요?","점유강취, 준점유강취"
998,중권리행사방해에 해당하는 구체적인 예시가 있을까요?,중권리행사방해
999,피해자가 원하지 않아도 중권리행사방해로 처벌되나요?,중권리행사방해
1000,중권리행사방해에 대한 처벌 수위는 어떻게 되나요?,중권리행사방해
1001,강제집행면탈는 어떤 행위를 하면 성립하나요?,강제집행면탈
1002,강제집행면탈가 성립하지 않는 경우도 있나요?,강제집행면탈
1003,피해자가 원하지 않아도 강제집행면탈로 처벌되나요?,강제집행면탈
1004,친족간의 범행과 고소가 적용되는 조건은 무엇인가요?,친족간의 범행과 고소
1005,친족간의 범행과 고소는 어떤 행위를 하면 성립하나요?,친족간의 범행과 고소
1006,친족간의 범행과 고소는 실수로 해도 처벌되나요?,친족간의 범행과 고소
1007,피해자가 원하지 않아도 절도로 처벌되나요?,절도
1008,절도에 대한 처벌 수위는 어떻게 되나요?,절도
1009,절도가 성립하지 않는 경우도 있나요?,절도
1010,야간주거침입절도가 성립하지 않는 경우도 있나요?,야간주거침입절도
1011,야간주거침입절도는 어떤 행위를 하면 성립하나요?,야간주거침입절도
1012,야간주거침입절도는 실수로 해도 처벌되나요?,야간주거침입절도
1013,특수절도에 대해 설명해 주세요.,특수절도
1014,피해자가 원하지 않아도 특수절도로 처벌되나요?,특수절도
1015,특수절도에 대한 처벌 수위는 어떻게 되나요?,특수절도
1019,강도가 적용되는 조건은 무엇인가요?,강도
1020,강도가 성립하지 않는 경우도 있나요?,강도
1021,피해자가 원하지 않아도 강도로 처벌되나요?,강도
1022,특수강도는 어떤 행위를 하면 성립하나요?,특수강도
1023,특수강도에 대한 처벌 수위는 어떻게 되나요?,특수강도
1024,피해자가 원하지 않아도 특수강도로 처벌되나요?,특수강도
1025,피해자가 원하지 않아도 준강도로 처벌되나요?,준강도
1026,준강도에 해당하는 구체적인 예시가 있을까요?,준강도
1027,준강도는 실수로 해도 처벌되나요?,준강도
1028,인질강도에 대해 설명해 주세요.,인질강도
1029,인질강도에 대한 처벌 수위는 어떻게 되나요?,인질강도
1030,인질강도가 성립하지 않는 경우도 있나요?,인질강도
1031,"강도상해, 치상는 실수로 해도 처벌되나요?","강도상해, 치상"
1032,"강도상해, 치상에 대해 설명해 주세요.","강도상해, 치상"
1033,"강도상해, 치상는 어떤 행위를 하면 성립하나요?","강도상해, 치상"
1034,강도살인ㆍ치사에 해당하는 구체적인 예시가 있을까요?,강도살인ㆍ치사
1035,강도살인ㆍ치사가 적용되는 조건은 무엇인가요?,강도살인ㆍ치사
1036,강도살인ㆍ치사는 실수로 해도 처벌되나요?,강도살인ㆍ치사
1037,강도강간에 대해 설명해 주세요.,강도강간
1038,강도강간에 대한 처벌 수위는 어떻게 되나요?,강도강간
1039,강도강간가 성립하지 않는 경우도 있나요?,강도강간
1040,해상강도가 적용되는 조건은 무엇인가요?,해상강도
1041,해상강도에 대한 처벌 수위는 어떻게 되나요?,해상강도
1042,해상강도에 해당하는 구체적인 예시가 있을까요?,해상강도
1052,친족간의 범행에 해당하는 구체적인 예시가 있을까요?,친족간의 범행
1053,친족간의 범행는 실수로 해도 처벌되나요?,친족간의 범행
1054,피해자가 원하지 않아도 친족간의 범행로 처벌되나요?,친족간의 범행
1055,자격정지의 병과에 대한 처벌 수위는 어떻게 되나요?,자격정지의 병과
1058,동력가 성립하지 않는 경우도 있나요?,동력
1059,동력는 실수로 해도 처벌되나요?,동력
1060,동력는 어떤 행위를 하면 성립하나요?,동력
1061,피해자가 원하지 않아도 사기로 처벌되나요?,사기
1062,사기가 적용되는 조건은 무엇인가요?,사기
1063,사기는 실수로 해도 처벌되나요?,사기
1064,준사기에 대해 설명해 주세요.,준사기
1065,준사기에 해당하는 구체적인 예시가 있을까요?,준사기
1066,준사기가 성립하지 않는 경우도 있나요?,준사기
1067,부당이득에 해당하는 구체적인 예시가 있을까요?,부당이득
1068,부당이득가 성립하지 않는 경우도 있나요?,부당이득
1069,부당이득에 대한 처벌 수위는 어떻게 되나요?,부당이득
1070,피해자가 원하지 않아도 공갈로 처벌되나요?,공갈
1071,공갈에 대한 처벌 수위는 어떻게 되나요?,공갈
1072,공갈는 실수로 해도 처벌되나요?,공갈
1073,상습범에 대해 설명해 주세요.,상습범
1082,"친족간의 범행, 동력가 성립하지 않는 경우도 있나요?","친족간의 범행, 동력"
1083,"친족간의 범행, 동력에 해당하는 구체적인 예시가 있을까요?","친족간의 범행, 동력"
1084,"친족간의 범행, 동력가 적용되는 조건은 무엇인가요?","친족간의 범행, 동력"
1085,"횡령, 배임는 실수로 해도 처벌되나요?","횡령, 배임"
1086,"횡령, 배임가 적용되는 조건은 무엇인가요?","횡령, 배임"
1087,"횡령, 배임가 성립하지 않는 경우도 있나요?","횡령, 배임"
1088,업무상의 횡령과 배임에 대한 처벌 수위는 어떻게 되나요?,업무상의 횡령과 배임
1089,업무상의 횡령과 배임는 실수로 해도 처벌되나요?,업무상의 횡령과 배임
1090,업무상의 횡령과 배임가 적용되는 조건은 무엇인가요?,업무상의 횡령과 배임
1091,배임수증재가 적용되는 조건은 무엇인가요?,배임수증재
1092,피해자가 원하지 않아도 배임수증재로 처벌되나요?,배임수증재
1093,배임수증재는 실수로 해도 처벌되나요?,배임수증재
1095,자격정지의 병과에 대해 설명해 주세요.,자격정지의 병과
1100,점유이탈물횡령에 대한 처벌 수위는 어떻게 되나요?,점유이탈물횡령
1101,점유이탈물횡령에 대해 설명해 주세요.,점유이탈물횡령
1102,점유이탈물횡령는 실수로 해도 처벌되나요?,점유이탈물횡령
1103,"친족간의 범행, 동력에 대한 처벌 수위는 어떻게 되나요?","친족간의 범행, 동력"
1104,"친족간의 범행, 동력는 실수로 해도 처벌되나요?","친족간의 범행, 동력"
1106,"장물의 취득, 알선 등에 대한 처벌 수위는 어떻게 되나요?","장물의 취득, 알선 등"
1107,"장물의 취득, 알선 등에 해당하는 구체적인 예시가 있을까요?","장물의 취득, 알선 등"
1108,"장물의 취득, 알선 등가 적용되는 조건은 무엇인가요?","장물의 취득, 알선 등"
1112,"업무상과실, 중과실가 성립하지 않는 경우도 있나요?","업무상과실, 중과실"
1113,"업무상과실, 중과실에 대해 설명해 주세요.","업무상과실, 중과실"
1114,"업무상과실, 중과실에 대한 처벌 수위는 어떻게 되나요?","업무상과실, 중과실"
1115,친족간의 범행에 대해 설명해 주세요.,친족간의 범행
1116,친족간의 범행가 적용되는 조건은 무엇인가요?,친족간의 범행
1117,친족간의 범행에 대한 처벌 수위는 어떻게 되나요?,친족간의 범행
1118,재물손괴등에 해당하는 구체적인 예시가 있을까요?,재물손괴등
1119,재물손괴등는 실수로 해도 처벌되나요?,재물손괴등
1120,재물손괴등가 적용되는 조건은 무엇인가요?,재물손괴등
1121,공익건조물파괴가 성립하지 않는 경우도 있나요?,공익건조물파괴
1122,공익건조물파괴는 어떤 행위를 하면 성립하나요?,공익건조물파괴
1123,피해자가 원하지 않아도 공익건조물파괴로 처벌되나요?,공익건조물파괴
1124,피해자가 원하지 않아도 중손괴로 처벌되나요?,중손괴
1125,중손괴에 대한 처벌 수위는 어떻게 되나요?,중손괴
1126,중손괴가 성립하지 않는 경우도 있나요?,중손괴
1127,피해자가 원하지 않아도 특수손괴로 처벌되나요?,특수손괴
1128,특수손괴에 대한 처벌 수위는 어떻게 되나요?,특수손괴
1129,특수손괴가 적용되는 조건은 무엇인가요?,특수손괴
1130,경계침범가 성립하지 않는 경우도 있나요?,경계침범
1131,경계침범가 적용되는 조건은 무엇인가요?,경계침범
1132,경계침범에 대해 설명해 주세요.,경계침범
1136,동력에 대한 처벌 수위는 어떻게 되나요?,동력
1137,피해자가 원하지 않아도 동력로 처벌되나요?,동력
